{"cameraMode":{"drawMode":0,"name":"Shaded","section":"Shading Mode"},"sceneLighting":true,"audioPlay":false,"sceneViewState":{"m_AlwaysRefresh":false,"showFog":true,"showSkybox":true,"showFlares":true,"showImageEffects":true,"showParticleSystems":true,"showVisualEffectGraphs":true,"m_FxEnabled":true},"in2DMode":false,"pivot":{"x":123.67794799804688,"y":77.68708038330078,"z":16.51263427734375},"rotation":{"x":-0.07044009119272232,"y":-0.006880577187985182,"z":-0.0004859941254835576,"w":0.9974931478500366},"size":163.88504028320313,"orthographic":false}